{
  "project_info": {
    "project_number": "1093046143988",
    "project_id": "appscrip-f36f3",
    "storage_bucket": "appscrip-f36f3.appspot.com"
  },
  "client": [
    {
      "client_info": {
        "mobilesdk_app_id": "1:1093046143988:android:edb3057d4c7b0a540e47a1",
        "android_client_info": {
          "package_name": "com.example.appscrip"
        }
      },
      "oauth_client": [
        {
          "client_id": "1093046143988-bon969dpr5n222eoksmn9e7oeipgudm5.apps.googleusercontent.com",
          "client_type": 1,
          "android_info": {
            "package_name": "com.example.appscrip",
            "certificate_hash": "daaab64ee595c85cd20e1bf3d1fc01fe57ad7def"
          }
        },
        {
          "client_id": "1093046143988-qjm6ith5od67787agujh5iot7bdn5bom.apps.googleusercontent.com",
          "client_type": 3
        }
      ],
      "api_key": [
        {
          "current_key": "AIzaSyBWnAZs7DTOIRiNioRyk0iteFwL2AX2eXI"
        }
      ],
      "services": {
        "appinvite_service": {
          "other_platform_oauth_client": [
            {
              "client_id": "1093046143988-qjm6ith5od67787agujh5iot7bdn5bom.apps.googleusercontent.com",
              "client_type": 3
            }
          ]
        }
      }
    }
  ],
  "configuration_version": "1"
}